{
        "results" : [
                {
                        "_id" : "Male",
                        "value" : {
                                "weight" : 70.00180785329881,
                                "height" : 167.0800817221449
                        }
                },
                {
                        "_id" : "Female",
                        "value" : {
                                "weight" : 70.11384105960275,
                                "height" : 167.12617499498276
                        }
                }
        ],
        "ok" : 1
}